{"Validation": {"Baseline 24h": [0.19223040342330933, 0.21846215426921844], "Linear 24h": [0.17139111459255219, 0.17139112949371338], "Dense 24h": [0.17713820934295654, 0.17713819444179535], "Conv 24h": [0.17690213024616241, 0.17690204083919525], "LSTM 24h": [0.1938975304365158, 0.1938975751399994]}, "Test": {"Baseline 24h": [0.3053460121154785, 0.27466684579849243], "Linear 24h": [0.22481396794319153, 0.22481395304203033], "Dense 24h": [0.24443642795085907, 0.24443639814853668], "Conv 24h": [0.23787137866020203, 0.237871453166008], "LSTM 24h": [0.22212478518486023, 0.22212480008602142]}}