{"Validation": {"LSTM input=48h out=5h": [0.2220117449760437, 0.2220117747783661], "LSTM input=36h out=5h": [0.22065198421478271, 0.2206519991159439], "LSTM input=24h out=5h": [0.22160480916500092, 0.22160474956035614], "LSTM input=12h out=5h": [0.2213164120912552, 0.22131642699241638], "LSTM input=6h out=5h": [0.22493968904018402, 0.22493979334831238]}, "Test": {"LSTM input=48h out=5h": [0.2555879056453705, 0.25558793544769287], "LSTM input=36h out=5h": [0.2546943426132202, 0.2546941936016083], "LSTM input=24h out=5h": [0.260104775428772, 0.2601047456264496], "LSTM input=12h out=5h": [0.2595937252044678, 0.2595937252044678], "LSTM input=6h out=5h": [0.2649036645889282, 0.2649036943912506]}}