{"Validation": {"LSTM input=48h out=4h": [0.20878469944000244, 0.20878469944000244], "LSTM input=36h out=4h": [0.21097123622894287, 0.21097123622894287], "LSTM input=24h out=4h": [0.2098999172449112, 0.2098999172449112], "LSTM input=12h out=4h": [0.20571251213550568, 0.20571251213550568], "LSTM input=6h out=4h": [0.21296066045761108, 0.21296066045761108]}, "Test": {"LSTM input=48h out=4h": [0.25124648213386536, 0.25124648213386536], "LSTM input=36h out=4h": [0.24596722424030304, 0.24596722424030304], "LSTM input=24h out=4h": [0.23767171800136566, 0.23767171800136566], "LSTM input=12h out=4h": [0.23930668830871582, 0.23930668830871582], "LSTM input=6h out=4h": [0.25016292929649353, 0.25016292929649353]}}