{"Validation": {"LSTM input=48h out=3h": [0.18954873085021973, 0.18954873085021973], "LSTM input=36h out=3h": [0.18975961208343506, 0.18975962698459625], "LSTM input=24h out=3h": [0.19284003973007202, 0.19284002482891083], "LSTM input=12h out=3h": [0.1920323371887207, 0.19203241169452667], "LSTM input=6h out=3h": [0.19226457178592682, 0.19226455688476562]}, "Test": {"LSTM input=48h out=3h": [0.21929508447647095, 0.21929509937763214], "LSTM input=36h out=3h": [0.21847714483737946, 0.21847708523273468], "LSTM input=24h out=3h": [0.22949466109275818, 0.22949469089508057], "LSTM input=12h out=3h": [0.22135162353515625, 0.22135163843631744], "LSTM input=6h out=3h": [0.23471036553382874, 0.23471039533615112]}}